mmsi,vessel_name,vessel_type,timestamp,lat,lon,sog,cog
419001234,NEPTUNE GLORY,Crude Oil Tanker,2026-09-21 00:00:00,17.82,70.52,14.0,45.0
419001234,NEPTUNE GLORY,Crude Oil Tanker,2026-09-21 02:00:00,17.86,70.56,14.0,45.0
419001234,NEPTUNE GLORY,Crude Oil Tanker,2026-09-21 04:00:00,17.9,70.6,14.0,45.0
419001234,NEPTUNE GLORY,Crude Oil Tanker,2026-09-21 06:00:00,17.94,70.64,14.0,45.0
419001234,NEPTUNE GLORY,Crude Oil Tanker,2026-09-21 08:00:00,17.98,70.68,14.0,45.0
419001234,NEPTUNE GLORY,Crude Oil Tanker,2026-09-21 10:00:00,18.02,70.72,14.0,45.0
419001234,NEPTUNE GLORY,Crude Oil Tanker,2026-09-21 12:00:00,18.06,70.76,14.0,45.0
419001234,NEPTUNE GLORY,Crude Oil Tanker,2026-09-21 14:00:00,18.1,70.8,14.0,45.0
419001234,NEPTUNE GLORY,Crude Oil Tanker,2026-09-21 16:00:00,18.14,70.84,14.0,45.0
419001234,NEPTUNE GLORY,Crude Oil Tanker,2026-09-21 18:00:00,18.18,70.88,14.0,45.0
419001234,NEPTUNE GLORY,Crude Oil Tanker,2026-09-21 20:00:00,18.22,70.92,14.0,45.0
419001234,NEPTUNE GLORY,Crude Oil Tanker,2026-09-21 22:00:00,18.26,70.96,14.0,45.0
419001234,NEPTUNE GLORY,Crude Oil Tanker,2026-09-22 00:00:00,18.3,71.0,14.0,45.0
419001234,NEPTUNE GLORY,Crude Oil Tanker,2026-09-22 02:00:00,18.3427,71.0435,0.8,120.0
419001234,NEPTUNE GLORY,Crude Oil Tanker,2026-09-22 04:00:00,18.3402,71.047,0.8,120.0
419001234,NEPTUNE GLORY,Crude Oil Tanker,2026-09-22 06:00:00,18.3405,71.0458,0.8,120.0
419001234,NEPTUNE GLORY,Crude Oil Tanker,2026-09-22 16:00:00,18.55,71.25,16.2,45.0
419001234,NEPTUNE GLORY,Crude Oil Tanker,2026-09-22 18:00:00,18.6,71.3,16.2,45.0
419001234,NEPTUNE GLORY,Crude Oil Tanker,2026-09-22 20:00:00,18.65,71.35,16.2,45.0
419001234,NEPTUNE GLORY,Crude Oil Tanker,2026-09-22 22:00:00,18.7,71.4,16.2,45.0
419001234,NEPTUNE GLORY,Crude Oil Tanker,2026-09-23 00:00:00,18.75,71.45,16.2,45.0
419001234,NEPTUNE GLORY,Crude Oil Tanker,2026-09-23 02:00:00,18.8,71.5,16.2,45.0
419001234,NEPTUNE GLORY,Crude Oil Tanker,2026-09-23 04:00:00,18.85,71.55,16.2,45.0
419001234,NEPTUNE GLORY,Crude Oil Tanker,2026-09-23 06:00:00,18.9,71.6,16.2,45.0
419001234,NEPTUNE GLORY,Crude Oil Tanker,2026-09-23 08:00:00,18.95,71.65,16.2,45.0
419001234,NEPTUNE GLORY,Crude Oil Tanker,2026-09-23 10:00:00,19.0,71.7,16.2,45.0
419001234,NEPTUNE GLORY,Crude Oil Tanker,2026-09-23 12:00:00,19.05,71.75,16.2,45.0
419001234,NEPTUNE GLORY,Crude Oil Tanker,2026-09-23 14:00:00,19.1,71.8,16.2,45.0
419001234,NEPTUNE GLORY,Crude Oil Tanker,2026-09-23 16:00:00,19.15,71.85,16.2,45.0
419001234,NEPTUNE GLORY,Crude Oil Tanker,2026-09-23 18:00:00,19.2,71.9,16.2,45.0
419001234,NEPTUNE GLORY,Crude Oil Tanker,2026-09-23 20:00:00,19.25,71.95,16.2,45.0
419001234,NEPTUNE GLORY,Crude Oil Tanker,2026-09-23 22:00:00,19.3,72.0,16.2,45.0
419001234,NEPTUNE GLORY,Crude Oil Tanker,2026-09-24 00:00:00,19.35,72.05,16.2,45.0
419001234,NEPTUNE GLORY,Crude Oil Tanker,2026-09-24 02:00:00,19.4,72.1,16.2,45.0
419001234,NEPTUNE GLORY,Crude Oil Tanker,2026-09-24 04:00:00,19.45,72.15,16.2,45.0
419001234,NEPTUNE GLORY,Crude Oil Tanker,2026-09-24 06:00:00,19.5,72.2,16.2,45.0
419001234,NEPTUNE GLORY,Crude Oil Tanker,2026-09-24 08:00:00,19.55,72.25,16.2,45.0
419001234,NEPTUNE GLORY,Crude Oil Tanker,2026-09-24 10:00:00,19.6,72.3,16.2,45.0
419001234,NEPTUNE GLORY,Crude Oil Tanker,2026-09-24 12:00:00,19.65,72.35,16.2,45.0
636019876,MSC BOMBAY,Container Ship,2026-09-21 00:00:00,17.2,69.8,19.5,30.0
636019876,MSC BOMBAY,Container Ship,2026-09-21 02:00:00,17.25,69.83,19.5,30.0
636019876,MSC BOMBAY,Container Ship,2026-09-21 04:00:00,17.3,69.86,19.5,30.0
636019876,MSC BOMBAY,Container Ship,2026-09-21 06:00:00,17.35,69.89,19.5,30.0
636019876,MSC BOMBAY,Container Ship,2026-09-21 08:00:00,17.4,69.92,19.5,30.0
636019876,MSC BOMBAY,Container Ship,2026-09-21 10:00:00,17.45,69.95,19.5,30.0
636019876,MSC BOMBAY,Container Ship,2026-09-21 12:00:00,17.5,69.98,19.5,30.0
636019876,MSC BOMBAY,Container Ship,2026-09-21 14:00:00,17.55,70.01,19.5,30.0
636019876,MSC BOMBAY,Container Ship,2026-09-21 16:00:00,17.6,70.04,19.5,30.0
636019876,MSC BOMBAY,Container Ship,2026-09-21 18:00:00,17.65,70.07,19.5,30.0
636019876,MSC BOMBAY,Container Ship,2026-09-21 20:00:00,17.7,70.1,19.5,30.0
636019876,MSC BOMBAY,Container Ship,2026-09-21 22:00:00,17.75,70.13,19.5,30.0
636019876,MSC BOMBAY,Container Ship,2026-09-22 00:00:00,17.8,70.16,19.5,30.0
636019876,MSC BOMBAY,Container Ship,2026-09-22 02:00:00,17.85,70.19,19.5,30.0
636019876,MSC BOMBAY,Container Ship,2026-09-22 04:00:00,17.9,70.22,19.5,30.0
636019876,MSC BOMBAY,Container Ship,2026-09-22 06:00:00,17.95,70.25,19.5,30.0
636019876,MSC BOMBAY,Container Ship,2026-09-22 08:00:00,18.0,70.28,19.5,30.0
636019876,MSC BOMBAY,Container Ship,2026-09-22 10:00:00,18.05,70.31,19.5,30.0
636019876,MSC BOMBAY,Container Ship,2026-09-22 12:00:00,18.1,70.34,19.5,30.0
636019876,MSC BOMBAY,Container Ship,2026-09-22 14:00:00,18.15,70.37,19.5,30.0
636019876,MSC BOMBAY,Container Ship,2026-09-22 16:00:00,18.2,70.4,19.5,30.0
636019876,MSC BOMBAY,Container Ship,2026-09-22 18:00:00,18.25,70.43,19.5,30.0
636019876,MSC BOMBAY,Container Ship,2026-09-22 20:00:00,18.3,70.46,19.5,30.0
636019876,MSC BOMBAY,Container Ship,2026-09-22 22:00:00,18.35,70.49,19.5,30.0
636019876,MSC BOMBAY,Container Ship,2026-09-23 00:00:00,18.4,70.52,19.5,30.0
636019876,MSC BOMBAY,Container Ship,2026-09-23 02:00:00,18.45,70.55,19.5,30.0
636019876,MSC BOMBAY,Container Ship,2026-09-23 04:00:00,18.5,70.58,19.5,30.0
636019876,MSC BOMBAY,Container Ship,2026-09-23 06:00:00,18.55,70.61,19.5,30.0
636019876,MSC BOMBAY,Container Ship,2026-09-23 08:00:00,18.6,70.64,19.5,30.0
636019876,MSC BOMBAY,Container Ship,2026-09-23 10:00:00,18.65,70.67,19.5,30.0
636019876,MSC BOMBAY,Container Ship,2026-09-23 12:00:00,18.7,70.7,19.5,30.0
636019876,MSC BOMBAY,Container Ship,2026-09-23 14:00:00,18.75,70.73,19.5,30.0
636019876,MSC BOMBAY,Container Ship,2026-09-23 16:00:00,18.8,70.76,19.5,30.0
636019876,MSC BOMBAY,Container Ship,2026-09-23 18:00:00,18.85,70.79,19.5,30.0
636019876,MSC BOMBAY,Container Ship,2026-09-23 20:00:00,18.9,70.82,19.5,30.0
636019876,MSC BOMBAY,Container Ship,2026-09-23 22:00:00,18.95,70.85,19.5,30.0
636019876,MSC BOMBAY,Container Ship,2026-09-24 00:00:00,19.0,70.88,19.5,30.0
636019876,MSC BOMBAY,Container Ship,2026-09-24 02:00:00,19.05,70.91,19.5,30.0
636019876,MSC BOMBAY,Container Ship,2026-09-24 04:00:00,19.1,70.94,19.5,30.0
636019876,MSC BOMBAY,Container Ship,2026-09-24 06:00:00,19.15,70.97,19.5,30.0
636019876,MSC BOMBAY,Container Ship,2026-09-24 08:00:00,19.2,71.0,19.5,30.0
636019876,MSC BOMBAY,Container Ship,2026-09-24 10:00:00,19.25,71.03,19.5,30.0
636019876,MSC BOMBAY,Container Ship,2026-09-24 12:00:00,19.3,71.06,19.5,30.0
419098765,SAGAR RATNA,Fishing Vessel,2026-09-21 00:00:00,18.9356,72.736,5.1,236.5
419098765,SAGAR RATNA,Fishing Vessel,2026-09-21 02:00:00,18.8888,72.7124,5.5,327.3
419098765,SAGAR RATNA,Fishing Vessel,2026-09-21 04:00:00,18.9347,72.7465,6.0,249.2
419098765,SAGAR RATNA,Fishing Vessel,2026-09-21 06:00:00,18.8867,72.7294,3.6,302.9
419098765,SAGAR RATNA,Fishing Vessel,2026-09-21 08:00:00,18.9125,72.7538,4.4,284.6
419098765,SAGAR RATNA,Fishing Vessel,2026-09-21 10:00:00,18.9342,72.7852,4.3,111.8
419098765,SAGAR RATNA,Fishing Vessel,2026-09-21 12:00:00,18.9176,72.724,4.6,237.0
419098765,SAGAR RATNA,Fishing Vessel,2026-09-21 14:00:00,18.8998,72.7889,3.7,51.9
419098765,SAGAR RATNA,Fishing Vessel,2026-09-21 16:00:00,18.902,72.7173,4.5,302.0
419098765,SAGAR RATNA,Fishing Vessel,2026-09-21 18:00:00,18.877,72.7123,4.1,79.9
419098765,SAGAR RATNA,Fishing Vessel,2026-09-21 20:00:00,18.8692,72.7258,4.8,191.8
419098765,SAGAR RATNA,Fishing Vessel,2026-09-21 22:00:00,18.9058,72.7728,5.8,80.9
419098765,SAGAR RATNA,Fishing Vessel,2026-09-22 00:00:00,18.8747,72.7315,5.0,197.1
419098765,SAGAR RATNA,Fishing Vessel,2026-09-22 02:00:00,18.9232,72.74,4.4,36.5
419098765,SAGAR RATNA,Fishing Vessel,2026-09-22 04:00:00,18.9256,72.7499,5.5,106.6
419098765,SAGAR RATNA,Fishing Vessel,2026-09-22 06:00:00,18.8639,72.7744,5.0,148.8
419098765,SAGAR RATNA,Fishing Vessel,2026-09-22 08:00:00,18.8744,72.7292,4.5,283.9
419098765,SAGAR RATNA,Fishing Vessel,2026-09-22 10:00:00,18.9253,72.7272,5.9,109.4
419098765,SAGAR RATNA,Fishing Vessel,2026-09-22 12:00:00,18.9117,72.7612,3.8,344.2
419098765,SAGAR RATNA,Fishing Vessel,2026-09-22 14:00:00,18.9355,72.7501,4.0,56.6
419098765,SAGAR RATNA,Fishing Vessel,2026-09-22 16:00:00,18.9334,72.7695,5.2,175.2
419098765,SAGAR RATNA,Fishing Vessel,2026-09-22 18:00:00,18.9147,72.7258,4.0,132.6
419098765,SAGAR RATNA,Fishing Vessel,2026-09-22 20:00:00,18.9074,72.7677,5.9,86.7
419098765,SAGAR RATNA,Fishing Vessel,2026-09-22 22:00:00,18.926,72.7463,4.4,349.9
419098765,SAGAR RATNA,Fishing Vessel,2026-09-23 00:00:00,18.8919,72.7272,4.5,9.7
419098765,SAGAR RATNA,Fishing Vessel,2026-09-23 02:00:00,18.8773,72.7424,4.7,305.5
419098765,SAGAR RATNA,Fishing Vessel,2026-09-23 04:00:00,18.93,72.73,3.7,291.0
419098765,SAGAR RATNA,Fishing Vessel,2026-09-23 06:00:00,18.9016,72.7444,4.8,257.3
419098765,SAGAR RATNA,Fishing Vessel,2026-09-23 08:00:00,18.9138,72.7335,3.6,13.1
419098765,SAGAR RATNA,Fishing Vessel,2026-09-23 10:00:00,18.8775,72.7573,4.3,230.2
419098765,SAGAR RATNA,Fishing Vessel,2026-09-23 12:00:00,18.9083,72.7247,4.5,8.8
419098765,SAGAR RATNA,Fishing Vessel,2026-09-23 14:00:00,18.9026,72.711,3.9,93.3
419098765,SAGAR RATNA,Fishing Vessel,2026-09-23 16:00:00,18.9005,72.7517,5.0,290.9
419098765,SAGAR RATNA,Fishing Vessel,2026-09-23 18:00:00,18.8669,72.7377,3.9,335.0
419098765,SAGAR RATNA,Fishing Vessel,2026-09-23 20:00:00,18.9341,72.7205,4.6,59.2
419098765,SAGAR RATNA,Fishing Vessel,2026-09-23 22:00:00,18.8794,72.7755,4.1,300.1
419098765,SAGAR RATNA,Fishing Vessel,2026-09-24 00:00:00,18.9316,72.7747,4.6,313.2
419098765,SAGAR RATNA,Fishing Vessel,2026-09-24 02:00:00,18.9365,72.7586,5.0,150.1
419098765,SAGAR RATNA,Fishing Vessel,2026-09-24 04:00:00,18.9327,72.7255,4.2,157.0
419098765,SAGAR RATNA,Fishing Vessel,2026-09-24 06:00:00,18.8839,72.7505,5.7,12.0
419098765,SAGAR RATNA,Fishing Vessel,2026-09-24 08:00:00,18.8787,72.7494,5.4,314.8
419098765,SAGAR RATNA,Fishing Vessel,2026-09-24 10:00:00,18.9157,72.7552,4.0,246.8
419098765,SAGAR RATNA,Fishing Vessel,2026-09-24 12:00:00,18.9391,72.7477,4.8,141.6
